<?xml version="1.0" encoding="UTF-8" standalone="no"?>
<package xmlns="http://www.zend.com/server/deployment-descriptor/1.0" version="1.0">
    <name>Zend Training Application</name>
    <version>
        <release>1.0.0</release>
    </version>
    <icon>zf2-logo-512x512.png</icon>
    <eula>LICENSE</eula>
    <appdir>data</appdir>
    <docroot>data/public</docroot>
    <dependencies>
    <required>
      <php>
        <min>5.3.23</min>
        <exclude>7.0</exclude>
        </php>
      <zendframework2>
        <min>2.4</min>
      </zendframework2>
    </required>
  </dependencies>
</package>
